{
  "ts": "2026-03-06T12:20:04.730132+00:00",
  "btc": 70004,
  "eth": 2047.64,
  "fng": 18,
  "stb": 311683141023.2577,
  "tvl": 97816785496,
  "btc_30d": -7.726185522486495,
  "scores": {
    "l1": 4.0,
    "l2": 2.0,
    "l3": 1.75,
    "l4": 2.0,
    "c": 2.44
  },
  "alloc": {
    "btc": 20,
    "alts": 0,
    "stables": 80,
    "phase": "DEFENSIVE"
  },
  "rebalance": {
    "changed": false,
    "phase": "DEFENSIVE",
    "old_s": 2.44,
    "new_s": 2.44,
    "delta": 0.0,
    "nearest": 2.5,
    "dist": 0.06
  }
}